timestamp,datetime,year,hour_utc,direction,entry_price,exit_price,stop_price,target_price,exit_reason,net_pnl_pct,win,dump_pct,bars_to_exh,exh_body_pct,exh_lower_wick,exh_upper_wick,exh_close_pos,exh_vol_ratio,exh_range_pct,next_bullish,next_vol_ratio,next_gap_pct,mae_pct,mfe_pct,mae_vs_stop
1515643200,2018-01-11 04:00,2018,4,short,1212.0,1119.3142857142857,1258.3428571428572,1119.3142857142857,target,7.24733616218765,True,4.215527699150826,5,0.11014263074484833,0.10340729001584385,0.7864500792393078,0.10340729001584385,1.4412102983028452,0.020870025384698076,False,1.5118910590922536,0.9818481848184895,31.59158415841585,8.333333333333332,8.262114673242909
1516096920,2018-01-16 10:02,2018,10,long,1048.18,1113.2600000000002,1015.64,1113.2600000000002,target,5.8088572573413115,True,4.4090742773509,4,0.25265392781317314,0.7462845010615624,0.0010615711252644191,0.9989384288747356,0.5603479546310899,0.009068417455259657,False,0.9122636834499144,0.17363429945237804,4.596538762426307,14.293346562613285,1.4806392132759665
1516097040,2018-01-16 10:04,2018,10,long,1048.18,1104.8107142857145,1019.8646428571428,1104.8107142857145,target,5.002766155213272,True,4.278388278388281,2,0.25265392781317314,0.7462845010615624,0.0010615711252644191,0.9989384288747356,0.5603479546310899,0.009068417455259657,False,0.9122636834499144,0.17363429945237804,4.596538762426307,14.293346562613285,1.7015501431580504
1516097220,2018-01-16 10:07,2018,10,long,1049.68,1100.0000000000002,1024.52,1100.0000000000002,target,4.39384193277953,True,4.138441606514881,3,0.044368600682605425,0.6712172923776892,0.28441410693970537,0.7155858930602946,0.14374713464856106,0.008424462569125603,True,4.827026089493705,0.0,4.732870970200448,14.130020577699865,1.9745627980922058
1517894880,2018-02-06 05:28,2018,5,long,595.21,643.8578571428573,570.8860714285714,643.8578571428573,target,7.773225776256651,True,4.905780392780476,2,0.412855377008655,0.35599505562422545,0.23114956736711956,0.7688504326328804,0.6822125188182573,0.013735377510653885,True,0.8292469542918293,-0.035281665294608015,6.587590934292105,17.425782496933838,1.611992893535172
1517895000,2018-02-06 05:30,2018,5,long,595.21,639.5657142857144,573.0321428571428,639.5657142857144,target,7.052111739674129,True,5.349447403991411,0,0.412855377008655,0.35599505562422545,0.23114956736711956,0.7688504326328804,0.6822125188182573,0.013735377510653885,True,0.8292469542918293,-0.035281665294608015,6.587590934292105,17.425782496933838,1.7679796450771337
1517895060,2018-02-06 05:31,2018,5,long,597.99,642.8507142857143,575.5596428571429,642.8507142857143,target,7.1019171366936344,True,4.907370597121733,0,0.37515683814303624,0.5018820577164349,0.12296110414052884,0.8770388958594711,0.5608198668875048,0.013485617597292771,False,0.4440736571738857,0.0,7.021856552785165,16.879880934463777,1.8720165591911484
1517895120,2018-02-06 05:32,2018,5,long,598.48,640.787142857143,577.3264285714286,640.787142857143,target,6.669098859969077,True,5.490975590363357,1,0.6323751891074213,0.36762481089257865,0.0,1.0,0.19668908046026742,0.01116799297142956,True,3.677681917218016,-0.10860847480283005,7.097981553268283,16.784186606068698,2.008171534695253
1517895180,2018-02-06 05:33,2018,5,long,598.48,639.7328571428573,577.8535714285714,639.7328571428573,target,6.49293830083833,True,4.829450584400096,0,0.6323751891074213,0.36762481089257865,0.0,1.0,0.19668908046026742,0.01116799297142956,True,3.677681917218016,-0.10860847480283005,7.097981553268283,16.784186606068698,2.059493714721054
1517895240,2018-02-06 05:34,2018,5,long,601.37,635.6171428571428,584.2464285714286,635.6171428571428,target,5.29485389313447,True,4.369881529776579,0,0.6010186757215572,0.2750424448217332,0.12393887945670966,0.8760611205432903,0.7221052956290767,0.00987906945539321,True,0.6119274427607673,-0.013302958245346613,7.54444019488834,16.222957580191885,2.6495640929378963
1517895300,2018-02-06 05:35,2018,5,long,603.0,630.6957142857143,589.1521428571428,630.6957142857143,target,4.192987443733716,True,4.1106782221515505,0,0.5498392282958292,0.4501607717041708,0.0,1.0,0.4387045673664382,0.005184283785360672,True,1.7584004987142052,-0.016583747927035278,7.79436152570481,15.908789386401317,3.394026925259192
1525135320,2018-05-01 00:42,2018,0,long,638.97,666.9085714285713,625.0007142857144,666.9085714285713,target,3.972438679213629,True,4.164854447560625,1,0.2203023758099315,0.6544276457883317,0.12526997840173681,0.6544276457883317,3.691072149930717,0.0072805610592194155,False,2.2698443889164297,0.0015650187019720652,1.9202779473214675,5.065965538288183,0.8783555760085923
1525135380,2018-05-01 00:43,2018,0,long,638.97,666.0085714285715,625.4507142857143,666.0085714285715,target,3.8315869960360365,True,4.1693537501687175,0,0.2203023758099315,0.6544276457883317,0.12526997840173681,0.6544276457883317,3.691072149930717,0.0072805610592194155,False,2.2698443889164297,0.0015650187019720652,1.9202779473214675,5.065965538288183,0.9075923284197155
1525135440,2018-05-01 00:44,2018,0,long,635.43,668.4292857142856,618.9303571428571,668.4292857142856,target,4.793221238261593,True,4.917048269649426,1,0.5218978102189581,0.4124087591241053,0.06569343065693657,0.9343065693430634,5.01557547209699,0.008694134632165154,True,0.37552172632031433,-0.08340808586311202,1.3738728105377311,5.67489731363015,0.5291023615229722
1525135500,2018-05-01 00:45,2018,0,long,635.43,669.2457142857144,618.5221428571427,669.2457142857144,target,4.921705661632976,True,4.594387640196391,0,0.5218978102189581,0.4124087591241053,0.06569343065693657,0.9343065693430634,5.01557547209699,0.008694134632165154,True,0.37552172632031433,-0.08340808586311202,1.3738728105377311,5.67489731363015,0.5163279962823631
1525135560,2018-05-01 00:46,2018,0,long,635.08,669.3550000000001,617.9425,669.3550000000001,target,4.996957863576257,True,4.646937825623461,0,0.03600000000001273,0.9599999999999909,0.003999999999996362,0.9960000000000037,1.7416446564794927,0.007935248373274082,True,2.3871743499488822,0.15431126787174915,1.3195188007810033,5.955155256030726,0.4889861415025514
1525135800,2018-05-01 00:50,2018,0,long,638.5,672.1085714285714,621.6957142857143,672.1085714285714,target,4.863676026401158,True,4.259991877134124,1,0.30748663101603596,0.639037433155075,0.053475935828889036,0.946524064171111,3.0064863692671597,0.005890134811641692,True,0.3742318671303275,0.0,1.8480814408770485,5.981205951448716,0.7022018192637913
1525136220,2018-05-01 00:57,2018,0,long,633.8,656.532857142857,622.4335714285714,656.532857142857,target,3.1867556236757704,True,4.337005675437804,1,0.7160493827160277,0.25102880658436705,0.03292181069960523,0.9670781893003948,2.020818609229873,0.007725321888412039,False,0.2827400883992499,0.022088987062180508,1.120227201009768,6.767118964973194,0.6246465154276329
1543144560,2018-11-25 11:16,2018,11,short,110.54,103.99785714285717,113.81107142857142,103.99785714285717,target,5.518348884695888,True,8.176330711541976,6,0.11904761904761381,0.0,0.8809523809523861,0.0,1.6753145801831402,0.007599059164103394,False,0.6871861135064941,0.0,1.6826488149086296,6.423014293468435,0.5686210284965625
1543144680,2018-11-25 11:18,2018,11,short,110.54,105.33071428571431,113.14464285714286,105.33071428571431,target,4.312579803044779,True,8.234009644254387,4,0.11904761904761381,0.0,0.8809523809523861,0.0,1.6753145801831402,0.007599059164103394,False,0.6871861135064941,0.0,1.6826488149086296,6.423014293468435,0.7141094199917748
1543144740,2018-11-25 11:19,2018,11,short,110.54,105.64785714285718,112.98607142857142,105.64785714285718,target,4.025676548889839,True,7.39249771271729,3,0.11904761904761381,0.0,0.8809523809523861,0.0,1.6753145801831402,0.007599059164103394,False,0.6871861135064941,0.0,1.6826488149086296,6.423014293468435,0.7604029785370168
1543144800,2018-11-25 11:20,2018,11,short,110.54,105.96928571428573,112.82535714285714,105.96928571428573,target,3.7348962237328336,True,7.872940748156918,2,0.11904761904761381,0.0,0.8809523809523861,0.0,1.6753145801831402,0.007599059164103394,False,0.6871861135064941,0.0,1.6826488149086296,6.423014293468435,0.8138771683075497
1543144980,2018-11-25 11:23,2018,11,short,109.6,105.1092857142857,111.84535714285714,105.1092857142857,target,3.6973670490093897,True,7.494059586912815,2,0.49462365591398344,0.17204301075268325,0.3333333333333333,0.17204301075268325,0.8381052375930139,0.008497807017543922,True,1.2584089856362375,0.0,4.498175182481758,5.620437956204376,2.195641800540799
1543145040,2018-11-25 11:24,2018,11,short,109.6,105.09642857142856,111.85178571428571,105.09642857142856,target,3.709098018769556,True,7.981818181818183,1,0.49462365591398344,0.17204301075268325,0.3333333333333333,0.17204301075268325,0.8381052375930139,0.008497807017543922,True,1.2584089856362375,0.0,4.498175182481758,5.620437956204376,2.189373513084854
1543145100,2018-11-25 11:25,2018,11,short,109.6,105.1585714285714,111.82071428571429,105.1585714285714,target,3.6523983315954274,True,7.64598540145985,0,0.49462365591398344,0.17204301075268325,0.3333333333333333,0.17204301075268325,0.8381052375930139,0.008497807017543922,True,1.2584089856362375,0.0,4.498175182481758,5.620437956204376,2.2200064329366302
1545697500,2018-12-25 00:25,2018,0,short,131.77,125.95357142857145,134.6782142857143,125.95357142857145,target,4.014076475243651,True,4.104645917907087,2,0.15517241379311358,0.0,0.8448275862068864,0.0,2.1434325615551475,0.004401608863929453,False,0.42211578333813315,0.0,1.1383471199817863,6.7314259694922995,0.5157804249048272
1558062900,2019-05-17 03:15,2019,3,short,242.18,230.51,249.8325,226.875,timeout,4.418729870344379,True,4.949227749808002,4,0.36781609195402815,0.053639846743290094,0.5785440613026818,0.42145593869731823,0.8833987741432566,0.010826281732205015,False,0.5057311657618179,0.22710380708563174,1.9696093814518052,5.4463622099265,0.6233257105521044
1558062960,2019-05-17 03:16,2019,3,short,242.18,230.51,249.44142857142856,227.6571428571429,timeout,4.418729870344379,True,5.04645810246356,3,0.36781609195402815,0.053639846743290094,0.5785440613026818,0.42145593869731823,0.8833987741432566,0.010826281732205015,False,0.5057311657618179,0.22710380708563174,1.9696093814518052,5.4463622099265,0.656895534133385
1584010260,2020-03-12 10:51,2020,10,short,145.08,120.38500000000002,157.4275,120.38500000000002,target,16.621643231320643,True,7.026259758694113,3,0.532426778242678,0.06171548117154846,0.4058577405857735,0.5941422594142265,1.6146374561903494,0.06857962697274032,True,1.1404925680400113,-0.3928866832092788,6.706644609870409,24.44858009374139,0.7880137679692241
1584010380,2020-03-12 10:53,2020,10,short,145.08,118.63642857142858,158.30178571428573,118.63642857142858,target,17.82688959785734,True,6.025824964131998,1,0.532426778242678,0.06171548117154846,0.4058577405857735,0.5941422594142265,1.6146374561903494,0.06857962697274032,True,1.1404925680400113,-0.3928866832092788,6.706644609870409,24.44858009374139,0.7359066475784006
1584010440,2020-03-12 10:54,2020,10,short,145.08,117.33785714285719,158.95107142857142,117.33785714285719,target,18.721962267123534,True,9.704990350151649,0,0.532426778242678,0.06171548117154846,0.4058577405857735,0.5941422594142265,1.6146374561903494,0.06857962697274032,True,1.1404925680400113,-0.3928866832092788,6.706644609870409,24.44858009374139,0.7014598728082599
1584010500,2020-03-12 10:55,2020,10,short,145.94,137.02,165.24892857142856,107.32214285714286,timeout,5.7121008633685,True,10.261679682148234,1,0.004390779363336112,0.026344676180022914,0.969264544456641,0.026344676180022914,1.3113177738226454,0.06252573781743317,False,0.6301860511765657,0.0,2.0967520898999603,24.893791969302452,0.15847590862850286
1584010560,2020-03-12 10:56,2020,10,short,145.94,137.02,165.70107142857142,106.41785714285714,timeout,5.7121008633685,True,10.237083733040976,0,0.004390779363336112,0.026344676180022914,0.969264544456641,0.026344676180022914,1.3113177738226454,0.06252573781743317,False,0.6301860511765657,0.0,2.0967520898999603,24.893791969302452,0.1548499033091758
1584010980,2020-03-12 11:03,2020,11,short,143.05,109.91000000000003,159.62,109.91000000000003,target,22.766724921356158,True,4.95537981571502,2,0.08644859813083884,0.30841121495327267,0.6051401869158884,0.30841121495327267,0.9735913033479346,0.06096431878071364,False,1.1124121692333109,0.0,4.159384830478845,23.376441803565193,0.3590826795413392
1584011040,2020-03-12 11:04,2020,11,short,143.05,110.29357142857145,159.4282142857143,110.29357142857145,target,22.49858690767463,True,10.070707764124382,1,0.08644859813083884,0.30841121495327267,0.6051401869158884,0.30841121495327267,0.9735913033479346,0.06096431878071364,False,1.1124121692333109,0.0,4.159384830478845,23.376441803565193,0.3632874681087676
1584011100,2020-03-12 11:05,2020,11,short,143.05,110.58928571428578,159.28035714285713,110.58928571428578,target,22.29186598092571,True,8.423628102062224,0,0.08644859813083884,0.30841121495327267,0.6051401869158884,0.30841121495327267,0.9735913033479346,0.06096431878071364,False,1.1124121692333109,0.0,4.159384830478845,23.376441803565193,0.366596985366927
1584011160,2020-03-12 11:06,2020,11,short,142.16,136.6,159.06714285714287,108.34571428571425,timeout,3.5110861001688254,True,7.850309510410803,0,0.11543450064851023,0.11284046692607051,0.7717250324254192,0.11284046692607051,1.0657592684965465,0.054568617736570235,False,0.5037385738520196,0.007034327518282854,4.6356218345526194,22.896736072031512,0.38977608787494705
1584011220,2020-03-12 11:07,2020,11,short,142.26,119.41499999999996,153.6825,119.41499999999996,target,15.65862505272039,True,7.746478873239436,1,0.0887372013651844,0.3174061433447115,0.5938566552901041,0.4061433447098959,0.3884238212602445,0.02076983058056289,True,1.082745796624171,0.0632644453816979,4.56206945030227,22.95093490791508,0.5681768439483477
1584011280,2020-03-12 11:08,2020,11,short,142.26,120.83571428571429,152.97214285714284,120.83571428571429,target,14.659950593480742,True,7.915085055532119,0,0.0887372013651844,0.3174061433447115,0.5938566552901041,0.4061433447098959,0.3884238212602445,0.02076983058056289,True,1.082745796624171,0.0632644453816979,4.56206945030227,22.95093490791508,0.6058545042341814
1584011340,2020-03-12 11:09,2020,11,short,141.5,110.35214285714284,157.07392857142858,110.35214285714284,target,21.61261988894499,True,8.391608391608392,1,0.20689655172413793,0.0,0.7931034482758621,0.0,1.0972397080398144,0.05123674911660778,False,1.1853516064572698,0.1342756183745567,2.515901060070673,22.537102473498233,0.22858715343866806
1584011400,2020-03-12 11:10,2020,11,short,141.5,110.75071428571431,156.87464285714285,110.75071428571431,target,21.330943967693067,True,7.420494699646643,0,0.20689655172413793,0.0,0.7931034482758621,0.0,1.0972397080398144,0.05123674911660778,False,1.1853516064572698,0.1342756183745567,2.515901060070673,22.537102473498233,0.2315500940788407
1584011460,2020-03-12 11:11,2020,11,short,140.9,121.43642857142859,150.6317857142857,121.43642857142859,target,13.413748352428257,True,6.861002488446502,3,0.04140127388534905,0.2898089171974524,0.6687898089171985,0.3312101910828015,0.8198514415682818,0.022451022451022352,False,1.4694679023249948,-0.014194464158985261,2.9524485450674214,22.20723917672108,0.42746522808176446
1584011520,2020-03-12 11:12,2020,11,short,140.9,121.94000000000003,150.38,121.94000000000003,target,13.056352022711126,True,4.6371114508262385,2,0.04140127388534905,0.2898089171974524,0.6687898089171985,0.3312101910828015,0.8198514415682818,0.022451022451022352,False,1.4694679023249948,-0.014194464158985261,2.9524485450674214,22.20723917672108,0.4388185654008441
1584011580,2020-03-12 11:13,2020,11,short,140.9,122.35785714285717,150.17107142857142,122.35785714285717,target,12.759789110818193,True,6.940399232791085,1,0.04140127388534905,0.2898089171974524,0.6687898089171985,0.3312101910828015,0.8198514415682818,0.022451022451022352,False,1.4694679023249948,-0.014194464158985261,2.9524485450674214,22.20723917672108,0.4487075773334876
1584011640,2020-03-12 11:14,2020,11,short,140.9,122.16714285714286,150.26642857142858,122.16714285714286,target,12.895143465477036,True,7.026259758694113,0,0.04140127388534905,0.2898089171974524,0.6687898089171985,0.3312101910828015,0.8198514415682818,0.022451022451022352,False,1.4694679023249948,-0.014194464158985261,2.9524485450674214,22.20723917672108,0.4441394036452372
1584011700,2020-03-12 11:15,2020,11,short,139.12,117.2007142857143,150.07964285714286,117.2007142857143,target,15.35566828226402,True,6.841132129142373,1,0.296587926509185,0.16535433070866012,0.5380577427821549,0.16535433070866012,1.0362781396553065,0.02751101162538813,True,0.4328324567727086,-0.04312823461759795,4.269695227142034,21.21190339275446,0.5419884641704956
1584011760,2020-03-12 11:16,2020,11,short,139.12,117.15571428571428,150.10214285714287,117.15571428571428,target,15.388014458227229,True,5.836687751581372,0,0.296587926509185,0.16535433070866012,0.5380577427821549,0.16535433070866012,1.0362781396553065,0.02751101162538813,True,0.4328324567727086,-0.04312823461759795,4.269695227142034,21.21190339275446,0.5408780487804874
1584011820,2020-03-12 11:17,2020,11,short,141.26,125.46714285714285,149.15642857142856,125.46714285714285,target,10.779992314071318,True,6.894100923951663,2,0.18421052631577373,0.34210526315788686,0.4736842105263394,0.5263157894736606,0.2662401851729085,0.005395428084622965,True,1.6305035291942291,0.007079144839317095,2.6900750389353045,22.405493416395295,0.4812302125734975
1584011880,2020-03-12 11:18,2020,11,short,141.26,127.13,148.325,127.13,target,9.602831657935718,True,7.177779352370152,1,0.18421052631577373,0.34210526315788686,0.4736842105263394,0.5263157894736606,0.2662401851729085,0.005395428084622965,True,1.6305035291942291,0.007079144839317095,2.6900750389353045,22.405493416395295,0.5378627034678007
1584011940,2020-03-12 11:19,2020,11,short,141.26,128.80142857142852,147.48928571428573,128.80142857142852,target,8.41960316336647,True,7.2632026051252945,0,0.18421052631577373,0.34210526315788686,0.4736842105263394,0.5263157894736606,0.2662401851729085,0.005395428084622965,True,1.6305035291942291,0.007079144839317095,2.6900750389353045,22.405493416395295,0.6100217864923743
1584012000,2020-03-12 11:20,2020,11,short,140.37,129.175,145.9675,129.175,target,7.575350858445532,True,7.928029238122014,5,0.04285714285714344,0.38571428571429095,0.5714285714285656,0.4285714285714344,0.08330223062544884,0.004997501249375434,False,0.7537458957583439,-0.10686044026501794,3.3411697656194326,21.91351428367885,0.8378740509155873
1584012060,2020-03-12 11:21,2020,11,short,140.37,128.8857142857143,146.11214285714286,128.8857142857143,target,7.781438850385198,True,5.646787669259582,4,0.04285714285714344,0.38571428571429095,0.5714285714285656,0.4285714285714344,0.08330223062544884,0.004997501249375434,False,0.7537458957583439,-0.10686044026501794,3.3411697656194326,21.91351428367885,0.8167682547580548
1584012120,2020-03-12 11:22,2020,11,short,140.37,129.15785714285715,145.97607142857143,129.15785714285715,target,7.587563480190104,True,6.428571428571428,3,0.04285714285714344,0.38571428571429095,0.5714285714285656,0.4285714285714344,0.08330223062544884,0.004997501249375434,False,0.7537458957583439,-0.10686044026501794,3.3411697656194326,21.91351428367885,0.8365929795502327
1584012180,2020-03-12 11:23,2020,11,short,140.37,129.385,145.8625,129.385,target,7.425746242074527,True,6.741653021997579,2,0.04285714285714344,0.38571428571429095,0.5714285714285656,0.4285714285714344,0.08330223062544884,0.004997501249375434,False,0.7537458957583439,-0.10686044026501794,3.3411697656194326,21.91351428367885,0.8538916704597163
1584012240,2020-03-12 11:24,2020,11,short,140.37,130.07285714285717,145.51857142857142,130.07285714285717,target,6.935714794573506,True,6.40182909402687,1,0.04285714285714344,0.38571428571429095,0.5714285714285656,0.4285714285714344,0.08330223062544884,0.004997501249375434,False,0.7537458957583439,-0.10686044026501794,3.3411697656194326,21.91351428367885,0.9109322974472827
1584012300,2020-03-12 11:25,2020,11,short,140.37,130.46285714285716,145.32357142857143,130.46285714285716,target,6.657877649884479,True,6.675215501887871,0,0.04285714285714344,0.38571428571429095,0.5714285714285656,0.4285714285714344,0.08330223062544884,0.004997501249375434,False,0.7537458957583439,-0.10686044026501794,3.3411697656194326,21.91351428367885,0.9467916366258119
1584012360,2020-03-12 11:26,2020,11,short,139.87,130.55500000000006,144.52749999999997,130.55500000000006,target,6.259755487238107,True,6.341602916994354,0,0.5555555555555506,0.0,0.44444444444444947,0.0,0.06308888443877916,0.00450418245513688,False,8.764008226582208,-0.17873739901336955,3.71058840351755,21.634374776578255,1.1143317230273817
1584012420,2020-03-12 11:27,2020,11,short,139.42,129.49999999999997,144.38,129.49999999999997,target,6.715191507674664,True,4.5050298877387425,2,0.5364963503649613,0.0,0.4635036496350387,0.5364963503649613,0.7077044256030669,0.01986226893802109,False,0.3075306465192347,-0.0645531487591271,4.0453306555731,21.381437383445697,1.1370967741935496
1584012480,2020-03-12 11:28,2020,11,short,139.42,129.76571428571427,144.24714285714285,129.76571428571427,target,6.524606020861942,True,5.031172973756704,1,0.5364963503649613,0.0,0.4635036496350387,0.5364963503649613,0.7077044256030669,0.01986226893802109,False,0.3075306465192347,-0.0645531487591271,4.0453306555731,21.381437383445697,1.1683930156851166
1584012540,2020-03-12 11:29,2020,11,short,139.42,130.44499999999996,143.9075,130.44499999999996,target,6.037383445703647,True,6.039305695022226,0,0.5364963503649613,0.0,0.4635036496350387,0.5364963503649613,0.7077044256030669,0.01986226893802109,False,0.3075306465192347,-0.0645531487591271,4.0453306555731,21.381437383445697,1.256824512534819
1584012600,2020-03-12 11:30,2020,11,short,137.88,130.41642857142858,141.6117857142857,130.41642857142858,target,5.013092129802302,True,5.84345576079925,3,0.30088495575221663,0.33628318584070527,0.3628318584070781,0.33628318584070527,0.3126134595338092,0.008218181818181786,True,0.6924742503606003,-0.10879025239338969,5.207426747896727,20.503336234406728,1.9240118671643278
1584012660,2020-03-12 11:31,2020,11,short,137.88,130.74214285714288,141.44892857142855,130.74214285714288,target,4.776861867462369,True,5.87051807142343,2,0.30088495575221663,0.33628318584070527,0.3628318584070781,0.33628318584070527,0.3126134595338092,0.008218181818181786,True,0.6924742503606003,-0.10879025239338969,5.207426747896727,20.503336234406728,2.01180826578606
1584012720,2020-03-12 11:32,2020,11,short,137.88,130.73357142857145,141.45321428571427,130.73357142857145,target,4.78307845331342,True,5.003625815808561,1,0.30088495575221663,0.33628318584070527,0.3628318584070781,0.33628318584070527,0.3126134595338092,0.008218181818181786,True,0.6924742503606003,-0.10879025239338969,5.207426747896727,20.503336234406728,2.0093953023488353
1584014040,2020-03-12 11:54,2020,11,short,131.97,119.66857142857143,138.12071428571429,119.66857142857143,target,8.921382565301638,True,4.282734991806942,1,0.4300000000000068,0.25499999999999545,0.3149999999999977,0.25499999999999545,0.5543475926791912,0.015213753232922561,True,2.437250672730472,-0.1970144729862779,9.918920966886416,16.94324467682049,2.1282081059110443
1584014280,2020-03-12 11:58,2020,11,short,133.34,114.96928571428575,142.52535714285713,114.96928571428575,target,13.377346846943345,True,5.07322965423525,8,0.20948616600790548,0.4901185770751022,0.3003952569169923,0.4901185770751022,0.7151739322937923,0.01915215745647238,True,1.1307624888666,0.31498425078745124,8.7895605219739,17.79661016949153,1.2759438547377444
1584066720,2020-03-13 02:32,2020,2,long,108.11,124.89428571428572,99.71785714285714,124.89428571428572,target,15.125192594843877,True,4.305470992432811,1,0.41086956521739193,0.5847826086956524,0.004347826086955662,0.5847826086956524,2.6360027022106425,0.043634983874027644,False,0.3859549140599368,1.1007307372120967,0.6659883452039579,34.21515123485339,0.08579453570516625
1584066780,2020-03-13 02:33,2020,2,long,108.11,124.98,99.675,124.98,target,15.204476921653875,True,6.801724137931036,0,0.41086956521739193,0.5847826086956524,0.004347826086955662,0.5847826086956524,2.6360027022106425,0.043634983874027644,False,0.3859549140599368,1.1007307372120967,0.6659883452039579,34.21515123485339,0.08535862477771175
1584066840,2020-03-13 02:34,2020,2,long,109.18,123.32357142857146,102.10821428571428,123.32357142857146,target,12.554361081307425,True,6.275862068965518,1,0.23350253807107016,0.3654822335025377,0.40101522842639215,0.5989847715736079,0.7217505413183937,0.01824074074074073,True,1.5198178961592603,0.009159186664215885,0.622824693167253,32.89979849789337,0.09615675975960894
1584066900,2020-03-13 02:35,2020,2,long,109.18,122.85000000000002,102.345,122.85000000000002,target,12.120608169994519,True,5.87931034482758,0,0.23350253807107016,0.3654822335025377,0.40101522842639215,0.5989847715736079,0.7217505413183937,0.01824074074074073,True,1.5198178961592603,0.009159186664215885,0.622824693167253,32.89979849789337,0.09948792977322693
1584066960,2020-03-13 02:36,2020,2,long,110.0,124.42571428571429,102.78714285714285,124.42571428571429,target,12.714285714285719,True,5.172413793103448,0,0.3932038834951463,0.33495145631067813,0.2718446601941756,0.7281553398058245,1.0902720158119925,0.018986175115207393,True,0.7226795160134538,0.0,0.5090909090909111,31.909090909090903,0.07763913646266615
1584067020,2020-03-13 02:37,2020,2,long,120.0,144.56142857142856,107.71928571428572,144.56142857142856,target,20.067857142857136,True,4.8448275862069,3,0.038798498122653624,0.8060075093867336,0.15519399249061272,0.8448060075093873,3.583554154802493,0.0705518763796909,False,0.8553639107893225,0.0,8.800000000000002,20.91666666666666,0.8598848368522077
1584067860,2020-03-13 02:51,2020,2,long,118.31,136.80142857142857,109.06428571428572,136.80142857142857,target,15.229641257229796,True,6.937953263497179,1,0.2525050100200414,0.410821643286573,0.3366733466933856,0.6633266533066143,0.592711255844729,0.043391304347826044,True,0.7588970574698326,0.0,7.497252979460741,22.643901614402832,0.9593634116192834
1584067920,2020-03-13 02:52,2020,2,long,118.31,136.81214285714287,109.05892857142857,136.81214285714287,target,15.238697368897702,True,4.665592264302975,0,0.2525050100200414,0.410821643286573,0.3366733466933856,0.6633266533066143,0.592711255844729,0.043391304347826044,True,0.7588970574698326,0.0,7.497252979460741,22.643901614402832,0.9588078600934251
1584067980,2020-03-13 02:53,2020,2,long,118.43,135.0014285714286,110.14428571428572,135.0014285714286,target,13.592593575469545,True,4.568896051571303,0,0.031662269129288746,0.691292875989446,0.2770448548812653,0.7229551451187347,0.4472134490631738,0.03275996196732653,False,0.13343838749762674,-0.008443806467960073,7.590982014692231,22.519631850037985,1.0850000000000004
1584068040,2020-03-13 02:54,2020,2,long,118.28,129.46285714285713,112.68857142857144,129.46285714285713,target,9.05456302236822,True,4.689766317485893,0,0.14893617021276692,0.851063829787233,0.0,0.851063829787233,0.05975456912291635,0.008001361933946185,False,4.277217605263351,-0.3719986472776443,7.47379100439635,22.675008454514707,1.580991313234545
1584068100,2020-03-13 02:55,2020,2,long,115.99,130.06857142857143,108.95071428571428,130.06857142857143,target,11.737745864791306,True,6.841257050765508,1,0.10951008645533014,0.685878962536022,0.2046109510086479,0.7953890489913521,0.6055546929472923,0.030645588624922712,False,0.32966748761166,-0.00862143288213717,5.647038537804981,25.096991119924134,0.9304921359715881
1584068160,2020-03-13 02:56,2020,2,long,115.99,129.4128571428571,109.27857142857144,129.4128571428571,target,11.172426194376325,True,6.535052377115229,0,0.10951008645533014,0.685878962536022,0.2046109510086479,0.7953890489913521,0.6055546929472923,0.030645588624922712,False,0.32966748761166,-0.00862143288213717,5.647038537804981,25.096991119924134,0.9759472115793975
1584068220,2020-03-13 02:57,2020,2,long,115.74,124.76499999999997,111.2275,124.76499999999997,target,7.397649904959372,True,6.736502820306205,0,0.24489795918368176,0.7551020408163183,0.0,0.7551020408163183,0.2059418838418277,0.008521739130434818,True,2.004325796842725,-0.025920165889062673,5.443234836702953,25.36720235009504,1.3961218836565126
1584068280,2020-03-13 02:58,2020,2,long,116.4,127.19214285714287,111.00392857142857,127.19214285714287,target,8.871600392734418,True,5.882352941176468,2,0.4213483146067413,0.5786516853932587,0.0,1.0,0.3612429749151561,0.01552957599022859,True,2.7786247684064183,-0.24054982817869514,5.979381443298975,24.65635738831614,1.2898272552783117
1584068340,2020-03-13 02:59,2020,2,long,116.4,126.64571428571429,111.27714285714286,126.64571428571429,target,8.40216003927344,True,6.7767929089443975,1,0.4213483146067413,0.5786516853932587,0.0,1.0,0.3612429749151561,0.01552957599022859,True,2.7786247684064183,-0.24054982817869514,5.979381443298975,24.65635738831614,1.3586168432794217
1584068400,2020-03-13 03:00,2020,3,long,116.4,126.59857142857143,111.30071428571429,126.59857142857143,target,8.361659302896413,True,6.204673650282022,0,0.4213483146067413,0.5786516853932587,0.0,1.0,0.3612429749151561,0.01552957599022859,True,2.7786247684064183,-0.24054982817869514,5.979381443298975,24.65635738831614,1.36489704440398
1584068460,2020-03-13 03:01,2020,3,long,117.28,127.97142857142856,111.93428571428572,127.97142857142856,target,8.716156694601432,True,5.2296535052377076,2,0.271999999999997,0.7120000000000004,0.016000000000002502,0.7120000000000004,0.3248473954466897,0.021645021645021644,True,0.5815316976959558,-0.1278990450204687,6.684856753069581,23.721009549795355,1.4665954035275277
1584068520,2020-03-13 03:02,2020,3,long,117.28,128.1707142857143,111.83464285714285,128.1707142857143,target,8.88607971155721,True,5.2296535052377076,1,0.271999999999997,0.7120000000000004,0.016000000000002502,0.7120000000000004,0.3248473954466897,0.021645021645021644,True,0.5815316976959558,-0.1278990450204687,6.684856753069581,23.721009549795355,1.4397586410441392
1584068580,2020-03-13 03:03,2020,3,long,117.28,128.2607142857143,111.78964285714285,128.2607142857143,target,8.96281913856949,True,5.495568090249793,0,0.271999999999997,0.7120000000000004,0.016000000000002502,0.7120000000000004,0.3248473954466897,0.021645021645021644,True,0.5815316976959558,-0.1278990450204687,6.684856753069581,23.721009549795355,1.42795810837182
1584068640,2020-03-13 03:04,2020,3,long,119.09,128.92000000000002,114.175,128.92000000000002,target,7.854261482912094,True,5.261885576148269,3,0.6324786324786393,0.27350427350426726,0.09401709401709339,0.9059829059829066,0.5250424656026788,0.0099127340506651,False,0.3623182568987201,0.0923671173062385,8.103115290956424,21.84062473759341,1.9633774160732438
1584068760,2020-03-13 03:06,2020,3,long,119.09,127.99000000000001,114.64,127.99000000000001,target,7.073339491141158,True,4.641418211120057,1,0.6324786324786393,0.27350427350426726,0.09401709401709339,0.9059829059829066,0.5250424656026788,0.0099127340506651,False,0.3623182568987201,0.0923671173062385,8.103115290956424,21.84062473759341,2.1685393258426964
1584068820,2020-03-13 03:07,2020,3,long,119.09,127.42857142857144,114.92071428571428,127.42857142857144,target,6.601907320993737,True,4.0370668815471324,0,0.6324786324786393,0.27350427350426726,0.09401709401709339,0.9059829059829066,0.5250424656026788,0.0099127340506651,False,0.3623182568987201,0.0923671173062385,8.103115290956424,21.84062473759341,2.3145451430529356
1584068880,2020-03-13 03:08,2020,3,long,118.92,126.63357142857141,115.0632142857143,126.63357142857141,target,6.086353370813498,True,4.174053182916997,0,0.2745098039215708,0.7254901960784292,0.0,0.7254901960784292,0.1903551959487167,0.008630902013877102,False,1.793670187961393,0.0,7.971745711402627,22.01479986545576,2.4580053708676792
1584071280,2020-03-13 03:48,2020,3,short,135.0,122.84000000000003,141.07999999999998,122.84000000000003,target,8.607407407407383,True,4.25434583714547,2,0.0,0.0,1.0,0.0,0.8112734012305497,0.008814814814814798,False,1.5492285698544057,0.0,4.48148148148149,18.933333333333337,0.9950657894736887
1584071340,2020-03-13 03:49,2020,3,short,135.0,122.18857142857144,141.40571428571428,122.18857142857144,target,9.089947089947085,True,6.666666666666667,1,0.0,0.0,1.0,0.0,0.8112734012305497,0.008814814814814798,False,1.5492285698544057,0.0,4.48148148148149,18.933333333333337,0.9444692239072279
1584072300,2020-03-13 04:05,2020,4,short,128.06,111.375,136.4025,111.375,target,12.629048883335939,True,4.519379844961239,2,0.16725978647686737,0.24021352313167332,0.5925266903914593,0.24021352313167332,0.37881353278866503,0.04435324757319879,True,1.9232398660867165,0.10932375449007213,6.247071685147587,14.54005934718101,0.9589451603236437
1584072360,2020-03-13 04:06,2020,4,short,128.06,111.23785714285714,136.47107142857143,111.23785714285714,target,12.736141540795614,True,4.519379844961239,1,0.16725978647686737,0.24021352313167332,0.5925266903914593,0.24021352313167332,0.37881353278866503,0.04435324757319879,True,1.9232398660867165,0.10932375449007213,6.247071685147587,14.54005934718101,0.9511273406649394
1584072480,2020-03-13 04:08,2020,4,short,127.31,114.90428571428572,133.51285714285714,114.90428571428572,target,9.344493194340021,True,4.423062000465587,2,0.5567010309278234,0.020618556701034026,0.42268041237114257,0.020618556701034026,0.18375626939405368,0.015243183782509719,False,0.2845613052933054,0.0,6.872987196606709,14.036603566098501,1.4106402579456478
1584072540,2020-03-13 04:09,2020,4,short,127.31,114.80142857142857,133.56428571428572,114.80142857142857,target,9.42528586016136,True,4.035839501363454,1,0.5567010309278234,0.020618556701034026,0.42268041237114257,0.020618556701034026,0.18375626939405368,0.015243183782509719,False,0.2845613052933054,0.0,6.872987196606709,14.036603566098501,1.399040657834628
1584075660,2020-03-13 05:01,2020,5,long,116.92,128.30071428571432,111.22964285714285,128.30071428571432,target,9.333761790723843,True,4.865744507729865,0,0.24263038548753021,0.3832199546485259,0.37414965986394394,0.6258503401360561,0.6467303777157413,0.038629992992291494,True,2.327653747058124,0.0,1.7875470407116005,16.37016763599042,0.3672880185777945
1584076500,2020-03-13 05:15,2020,5,long,119.27,130.10785714285714,113.85107142857142,130.10785714285714,target,8.686825809388065,True,4.576366109288743,0,0.5168539325842729,0.46816479400749034,0.01498127340823671,0.46816479400749034,1.049132540737604,0.022623284189120504,True,0.19626141098423558,-0.10899639473463191,3.722646097090633,14.077303596881032,0.8193501614710322
1589070120,2020-05-10 00:22,2020,0,short,194.58,190.92,201.04500000000002,181.65,timeout,1.480974406413827,True,4.398516163222037,4,0.25581395348838054,0.2674418604651141,0.47674418604650537,0.5232558139534946,3.5170975146887495,0.013351963980748397,True,1.241241738463444,0.20557097337854727,2.137938123137011,6.156850652687849,0.6434648105181737
1589070300,2020-05-10 00:25,2020,0,short,194.58,190.92,202.58892857142857,178.5621428571429,timeout,1.480974406413827,True,7.235049107831538,1,0.25581395348838054,0.2674418604651141,0.47674418604650537,0.5232558139534946,3.5170975146887495,0.013351963980748397,True,1.241241738463444,0.20557097337854727,2.137938123137011,6.156850652687849,0.519420289855073
1589070360,2020-05-10 00:26,2020,0,short,194.58,190.92,202.8375,178.06500000000003,timeout,1.480974406413827,True,7.287491006269918,0,0.25581395348838054,0.2674418604651141,0.47674418604650537,0.5232558139534946,3.5170975146887495,0.013351963980748397,True,1.241241738463444,0.20557097337854727,2.137938123137011,6.156850652687849,0.503784438389343
1589070480,2020-05-10 00:28,2020,0,short,194.17,190.79,206.49928571428572,169.51142857142852,timeout,1.3407426481948788,True,7.091723747231798,0,0.49070631970260536,0.15055762081783913,0.35873605947955545,0.15055762081783913,2.9037266018304706,0.027823748448489838,False,0.6435085986343329,0.0,0.3038574445073922,5.958695988051704,0.04785354266844352
1589070540,2020-05-10 00:29,2020,0,short,192.97,191.13,201.27535714285716,176.35928571428568,timeout,0.5535160905840303,True,5.0526315789473655,3,0.1052631578947339,0.368421052631578,0.5263157894736882,0.4736842105263119,0.7176787284064353,0.007906371911573526,True,1.6156755661706093,-0.12437166398922583,0.5026688086231014,5.373892314867598,0.1167920877230699
1589070600,2020-05-10 00:30,2020,0,short,192.97,191.13,201.73392857142858,175.44214285714284,timeout,0.5535160905840303,True,7.063005512338369,2,0.1052631578947339,0.368421052631578,0.5263157894736882,0.4736842105263119,0.7176787284064353,0.007906371911573526,True,1.6156755661706093,-0.12437166398922583,0.5026688086231014,5.373892314867598,0.11068095684420694
1589070660,2020-05-10 00:31,2020,0,short,192.97,191.13,201.45642857142857,175.99714285714285,timeout,0.5535160905840303,True,6.890322580645158,1,0.1052631578947339,0.368421052631578,0.5263157894736882,0.4736842105263119,0.7176787284064353,0.007906371911573526,True,1.6156755661706093,-0.12437166398922583,0.5026688086231014,5.373892314867598,0.11430014308559865
1589070720,2020-05-10 00:32,2020,0,short,192.97,191.13,201.09964285714287,176.71071428571426,timeout,0.5535160905840303,True,6.513965901435453,0,0.1052631578947339,0.368421052631578,0.5263157894736882,0.4736842105263119,0.7176787284064353,0.007906371911573526,True,1.6156755661706093,-0.12437166398922583,0.5026688086231014,5.373892314867598,0.1193164345648637
1589071140,2020-05-10 00:39,2020,0,short,191.42,182.93499999999997,195.6625,182.93499999999997,target,4.032661163932722,True,6.0954661391910925,3,0.5421686746987733,0.0,0.45783132530122667,0.5421686746987733,0.28720161675976785,0.004346232392522451,True,0.9118444216519106,0.036568801588142096,1.3164768571727148,4.6076690001044796,0.5939893930465542
1589071200,2020-05-10 00:40,2020,0,short,191.42,183.06357142857135,195.5982142857143,183.06357142857135,target,3.9654939773423035,True,5.534900769754408,2,0.5421686746987733,0.0,0.45783132530122667,0.5421686746987733,0.28720161675976785,0.004346232392522451,True,0.9118444216519106,0.036568801588142096,1.3164768571727148,4.6076690001044796,0.6031284725190165
1589071260,2020-05-10 00:41,2020,0,short,191.42,183.60571428571424,195.32714285714286,183.60571428571424,target,3.6822723405525783,True,5.296865977216654,1,0.5421686746987733,0.0,0.45783132530122667,0.5421686746987733,0.28720161675976785,0.004346232392522451,True,0.9118444216519106,0.036568801588142096,1.3164768571727148,4.6076690001044796,0.6449725776965266
1589071320,2020-05-10 00:42,2020,0,short,191.42,184.47785714285712,194.89107142857142,184.47785714285712,target,3.226654924847387,True,5.756974192874298,0,0.5421686746987733,0.0,0.45783132530122667,0.5421686746987733,0.28720161675976785,0.004346232392522451,True,0.9118444216519106,0.036568801588142096,1.3164768571727148,4.6076690001044796,0.7260006173474656
1589071380,2020-05-10 00:43,2020,0,short,191.81,185.4792857142857,194.97535714285715,185.4792857142857,target,2.900513156620767,True,5.948594963766225,0,0.3950617283950522,0.0,0.6049382716049478,0.3950617283950522,0.26067578457285445,0.004229985900047011,False,1.1054033956205345,-0.005213492518633494,1.1104739064699418,4.801626609665819,0.672909849937942
1589071440,2020-05-10 00:44,2020,0,short,191.49,186.09428571428572,194.18785714285715,186.09428571428572,target,2.4177525122535335,True,5.668270236352229,1,0.02247191011233874,0.3595505617977711,0.6179775280898901,0.3595505617977711,0.12743126201857077,0.0046555421875818116,True,3.2106113792883524,-0.01566661444461911,1.2794401796438397,4.642540080421961,0.908128144029648
1589071500,2020-05-10 00:45,2020,0,short,191.49,186.48857142857145,193.9907142857143,186.48857142857145,target,2.211848436695682,True,5.79142513969398,0,0.02247191011233874,0.3595505617977711,0.6179775280898901,0.3595505617977711,0.12743126201857077,0.0046555421875818116,True,3.2106113792883524,-0.01566661444461911,1.2794401796438397,4.642540080421961,0.9797200799771468
1589071560,2020-05-10 00:46,2020,0,short,193.38,188.52428571428572,195.80785714285713,188.52428571428572,target,2.1109702584105237,True,6.3781202968498585,8,0.26086956521740207,0.0,0.739130434782598,0.26086956521740207,0.31455041335454015,0.00357142857142856,False,1.010523211551792,-0.08273864929154855,0.16030613300237992,5.574516496018203,0.12768461312150767
1596343500,2020-08-02 04:45,2020,4,short,377.36,361.68,423.3521428571429,285.37571428571425,timeout,3.755183379266484,True,15.22789567379694,6,0.277647058823531,0.058823529411764705,0.6635294117647043,0.33647058823529574,1.3492663999542585,0.022696929238985315,False,0.3282230367652519,0.06359974560102,2.1623913504345897,6.129425482298069,0.1774216092810876
1610072940,2021-01-08 02:29,2021,2,short,1118.05,1066.2921428571428,1143.9289285714285,1066.2921428571428,target,4.229297181955827,True,4.119376029180017,7,0.23475887170156073,0.3594176524112868,0.40582347588715245,0.3594176524112868,0.31754251293426156,0.00986446459025223,True,0.5567494004874671,0.11448504091945554,10.935110236572603,4.74486829748222,4.724306868522379
1610073000,2021-01-08 02:30,2021,2,short,1118.05,1066.5385714285715,1143.8057142857142,1066.5385714285715,target,4.207256256109162,True,4.153317875285419,6,0.23475887170156073,0.3594176524112868,0.40582347588715245,0.3594176524112868,0.31754251293426156,0.00986446459025223,True,0.5567494004874671,0.11448504091945554,10.935110236572603,4.74486829748222,4.746907759720457
1610073120,2021-01-08 02:32,2021,2,short,1118.05,1065.282857142857,1144.4335714285714,1065.282857142857,target,4.319569147814764,True,4.091355903684881,4,0.23475887170156073,0.3594176524112868,0.40582347588715245,0.3594176524112868,0.31754251293426156,0.00986446459025223,True,0.5567494004874671,0.11448504091945554,10.935110236572603,4.74486829748222,4.633944283509749
1610335500,2021-01-11 03:25,2021,3,short,1130.01,1066.813571428571,1161.6082142857144,1066.813571428571,target,5.192554806721082,True,4.063680852381844,0,0.10714285714286077,0.20803571428570694,0.6848214285714322,0.3151785714285677,1.3447735475917146,0.009942475676443475,False,1.2026787537209274,0.0,1.6946752683604651,10.477783382447942,0.6060469059056228
1620864420,2021-05-13 00:07,2021,0,long,3859.77,3949.56,3698.6960714285715,4181.9178571428565,timeout,1.9263044171025725,True,5.056151956900645,3,0.2381190595297784,0.48874437218609745,0.27313656828412414,0.48874437218609745,1.8819677692313563,0.005192207792207736,False,0.6108796550604061,0.0038862419263347545,3.880283022045355,4.6681538019104725,0.9298214883582743
1620864480,2021-05-13 00:08,2021,0,long,3859.77,3949.56,3692.7025,4193.905000000001,timeout,1.9263044171025725,True,5.188856758041513,2,0.2381190595297784,0.48874437218609745,0.27313656828412414,0.48874437218609745,1.8819677692313563,0.005192207792207736,False,0.6108796550604061,0.0038862419263347545,3.880283022045355,4.6681538019104725,0.8964640040702103
1620864540,2021-05-13 00:09,2021,0,long,3859.77,3949.56,3690.387142857143,4198.535714285714,timeout,1.9263044171025725,True,4.387181112343522,1,0.2381190595297784,0.48874437218609745,0.27313656828412414,0.48874437218609745,1.8819677692313563,0.005192207792207736,False,0.6108796550604061,0.0038862419263347545,3.880283022045355,4.6681538019104725,0.8842099048647191
1620864600,2021-05-13 00:10,2021,0,long,3859.77,3949.56,3691.6503571428575,4196.0092857142845,timeout,1.9263044171025725,True,4.438430914276659,0,0.2381190595297784,0.48874437218609745,0.27313656828412414,0.48874437218609745,1.8819677692313563,0.005192207792207736,False,0.6108796550604061,0.0038862419263347545,3.880283022045355,4.6681538019104725,0.8908536650132259
1620864660,2021-05-13 00:11,2021,0,long,3771.95,3928.71,3583.570714285714,4148.708571428571,timeout,3.755940561248167,True,5.676101251782597,1,0.5165916760404957,0.4183070866141712,0.06510123734533305,0.4183070866141712,1.437612676195475,0.019004863449307987,False,0.6381970267198211,0.0,1.642386563978839,7.105078275162715,0.32885781345385917
1620864900,2021-05-13 00:15,2021,0,long,3788.2,3931.22,3592.740357142857,4179.119285714285,timeout,3.375407845414709,True,6.210386626525119,0,0.3357450473729495,0.4931955211024982,0.17105943152455227,0.8289405684754477,1.123851914734732,0.015521058373082978,True,1.1372626232533287,0.0,0.0,6.645636450029039,0.0
1620864960,2021-05-13 00:16,2021,0,long,3864.22,3916.7,3689.1464285714287,4214.3671428571415,timeout,0.958100729254546,True,4.9140389795595,1,0.670960515261819,0.27919350322039327,0.049845981517787685,0.9501540184822123,0.7233504939598056,0.009323053867983896,True,0.8058667728156033,-0.03830009678538018,1.0144349959370798,4.547618924388363,0.22390586814522814
1620865020,2021-05-13 00:17,2021,0,long,3864.22,3916.7,3690.922857142857,4210.814285714285,timeout,0.958100729254546,True,4.164775615986516,0,0.670960515261819,0.27919350322039327,0.049845981517787685,0.9501540184822123,0.7233504939598056,0.009323053867983896,True,0.8058667728156033,-0.03830009678538018,1.0144349959370798,4.547618924388363,0.22620107494971392
1621428360,2021-05-19 12:46,2021,12,short,2513.13,2304.987142857143,2617.2014285714286,2304.987142857143,target,7.882216086826263,True,4.889540528224141,1,0.17550951659087236,0.4495536466228752,0.3749368367862524,0.4495536466228752,2.171356876792152,0.023877511623043343,False,1.231651845959679,0.09231516077559493,16.598425071524346,26.758265589125912,4.0082086479066605
1621428420,2021-05-19 12:47,2021,12,short,2513.13,2301.170714285715,2619.1096428571427,2301.170714285715,target,8.034075663188343,True,4.495191255525988,0,0.17550951659087236,0.4495536466228752,0.3749368367862524,0.4495536466228752,2.171356876792152,0.023877511623043343,False,1.231651845959679,0.09231516077559493,16.598425071524346,26.758265589125912,3.9360389293092077
1621472880,2021-05-20 01:08,2021,1,long,2269.53,2434.257142857143,2187.1664285714287,2434.257142857143,target,6.858205128689332,True,4.173181099833502,8,0.29445727482680806,0.2557736720554154,0.44976905311777654,0.5502309468822234,0.281733476349708,0.007663716814159364,True,3.452834036606207,-0.09913946940555973,0.1057487673659344,22.492322198869356,0.02913909582079564
1621474680,2021-05-20 01:38,2021,1,long,2306.16,2451.0485714285714,2233.715714285714,2451.0485714285714,target,5.882676459073593,True,4.035606073287905,1,0.6275283670448846,0.3724716329551154,0.0,1.0,0.19616944094130415,0.00886744331529513,False,2.13905388391115,-0.0598397335830842,0.8425261039997155,20.546709681895454,0.26820610912819454
1638595800,2021-12-04 05:30,2021,5,long,3755.96,3939.69,3594.822857142857,4078.2342857142858,timeout,4.491692137296457,True,7.957645111820765,2,0.18890274314214808,0.408146300914379,0.4029509559434729,0.597049044056527,0.8879634168041826,0.01291039189961443,True,0.5669560087069073,-0.0002662435169761733,1.0921309066124234,6.177648324263298,0.25456576474343046
1638595860,2021-12-04 05:31,2021,5,long,3755.96,3939.69,3592.494642857143,4082.8907142857142,timeout,4.491692137296457,True,7.198324991327623,1,0.18890274314214808,0.408146300914379,0.4029509559434729,0.597049044056527,0.8879634168041826,0.01291039189961443,True,0.5669560087069073,-0.0002662435169761733,1.0921309066124234,6.177648324263298,0.25094002005667426
1638595920,2021-12-04 05:32,2021,5,long,3755.96,3939.69,3588.3975,4091.085,timeout,4.491692137296457,True,6.431530618091593,0,0.18890274314214808,0.408146300914379,0.4029509559434729,0.597049044056527,0.8879634168041826,0.01291039189961443,True,0.5669560087069073,-0.0002662435169761733,1.0921309066124234,6.177648324263298,0.2448041775456918
1638595980,2021-12-04 05:33,2021,5,long,3757.84,3946.71,3571.3332142857143,4130.853571428572,timeout,4.6260255891682425,True,5.836718227309513,0,0.03509097660602159,0.7614184923876656,0.20349053100631287,0.7965094689936871,0.49644833097009156,0.014498215314379271,False,0.6426714130141838,-0.04896429863964792,0.8020565005428738,6.124528984735902,0.1616026992506992
1638596040,2021-12-04 05:34,2021,5,long,3752.96,3959.11,3581.3835714285715,4096.112857142857,timeout,5.0929975272851316,True,5.378100835293612,0,0.0785529715762259,0.6527131782945746,0.2687338501291994,0.6527131782945746,0.3164659584657616,0.01038173672774104,False,0.41241671889813875,-0.17452890518417946,0.587802694406547,6.262523448158247,0.12857243960417442
1638596100,2021-12-04 05:35,2021,5,long,3743.9,3954.4,3593.952142857143,4043.7957142857144,timeout,5.222479232885494,True,5.606527039258545,0,0.10291102911028195,0.5330053300533033,0.36408364083641476,0.5330053300533033,0.12983725068295057,0.006537296630839709,False,2.0400224099107036,0.0,0.30609791928203306,6.519671999786311,0.07642656733054846
1638596160,2021-12-04 05:36,2021,5,long,3767.65,3948.83,3616.790714285715,4069.3685714285707,timeout,4.408833092245826,True,5.650425464859757,2,0.4543770264011156,0.3626679018063937,0.1829550717924907,0.8170449282075093,0.3680667360086743,0.005757317980485303,True,1.0858864504246943,-0.09740819874457746,0.5881650365612598,5.848207768768322,0.14689185286194095
1638596220,2021-12-04 05:37,2021,5,long,3767.65,3948.83,3619.9975000000004,4062.9549999999995,timeout,4.408833092245826,True,5.254585565710681,1,0.4543770264011156,0.3626679018063937,0.1829550717924907,0.8170449282075093,0.3680667360086743,0.005757317980485303,True,1.0858864504246943,-0.09740819874457746,0.5881650365612598,5.848207768768322,0.1500821184876677
1638596280,2021-12-04 05:38,2021,5,long,3767.65,3948.83,3623.061785714286,4056.826428571428,timeout,4.408833092245826,True,5.007248660573587,0,0.4543770264011156,0.3626679018063937,0.1829550717924907,0.8170449282075093,0.3680667360086743,0.005757317980485303,True,1.0858864504246943,-0.09740819874457746,0.5881650365612598,5.848207768768322,0.1532628375657989
1638596340,2021-12-04 05:39,2021,5,long,3768.8,3959.33,3620.3214285714284,4065.7571428571437,timeout,4.655455317342383,True,4.953545540497947,3,0.5105936647786795,0.4889867841409768,0.00041955108034364964,0.4889867841409768,0.5056439385265679,0.012727306707533614,True,1.2151600919218957,0.0,0.2154531946508264,5.815909573338983,0.054688026170204754
1638596400,2021-12-04 05:40,2021,5,long,3768.8,3959.33,3623.025714285714,4060.3485714285725,timeout,4.655455317342383,True,4.043113772455094,2,0.5105936647786795,0.4889867841409768,0.00041955108034364964,0.4889867841409768,0.5056439385265679,0.012727306707533614,True,1.2151600919218957,0.0,0.2154531946508264,5.815909573338983,0.05570255385037753
1638596460,2021-12-04 05:41,2021,5,long,3768.8,3959.33,3654.825714285714,3996.748571428572,timeout,4.655455317342383,True,4.364071856287429,1,0.5105936647786795,0.4889867841409768,0.00041955108034364964,0.4889867841409768,0.5056439385265679,0.012727306707533614,True,1.2151600919218957,0.0,0.2154531946508264,5.815909573338983,0.07124414028227204
1638596520,2021-12-04 05:42,2021,5,long,3768.8,3946.5307142857155,3679.9346428571425,3946.5307142857155,target,4.315843618279433,True,4.654445731864663,0,0.5105936647786795,0.4889867841409768,0.00041955108034364964,0.4889867841409768,0.5056439385265679,0.012727306707533614,True,1.2151600919218957,0.0,0.2154531946508264,5.815909573338983,0.09137418968504053
1655292780,2022-06-15 11:33,2022,11,long,1113.32,1159.3178571428568,1090.3210714285715,1159.3178571428568,target,3.7315935349097202,True,4.127189576322388,8,0.44716981132073796,0.552830188679262,0.0,1.0,0.11770051859267035,0.004783307160520527,True,2.916167239310382,-0.00808392914884473,6.424927244637659,10.031257859375568,3.1101448825255993
1655292840,2022-06-15 11:34,2022,11,long,1113.32,1158.5828571428572,1090.6885714285713,1158.5828571428572,target,3.665574780194125,True,4.015014237639158,7,0.44716981132073796,0.552830188679262,0.0,1.0,0.11770051859267035,0.004783307160520527,True,2.916167239310382,-0.00808392914884473,6.424927244637659,10.031257859375568,3.160648907966159
1655293080,2022-06-15 11:38,2022,11,long,1113.32,1155.762857142857,1092.0985714285714,1155.762857142857,target,3.412278333530078,True,4.154801967382871,3,0.44716981132073796,0.552830188679262,0.0,1.0,0.11770051859267035,0.004783307160520527,True,2.916167239310382,-0.00808392914884473,6.424927244637659,10.031257859375568,3.370649612924946
1655293200,2022-06-15 11:40,2022,11,long,1113.32,1155.1135714285713,1092.4232142857143,1155.1135714285713,target,3.353958558956216,True,4.136681335749421,1,0.44716981132073796,0.552830188679262,0.0,1.0,0.11770051859267035,0.004783307160520527,True,2.916167239310382,-0.00808392914884473,6.424927244637659,10.031257859375568,3.423014475910519
1663072320,2022-09-13 12:32,2022,12,short,1677.0,1601.767142857143,1714.6164285714285,1601.767142857143,target,4.086157253599107,True,5.133023914883909,8,0.28044280442804187,0.08929889298893287,0.6302583025830253,0.3697416974169747,1.3499620029013528,0.00810411545523595,False,0.6305497307178181,-0.10256410256410418,0.37507453786523337,6.221228384019077,0.1672141731386355
1663072560,2022-09-13 12:36,2022,12,short,1677.0,1587.1164285714285,1721.9417857142857,1587.1164285714285,target,4.959783627225491,True,5.295083735929122,4,0.28044280442804187,0.08929889298893287,0.6302583025830253,0.3697416974169747,1.3499620029013528,0.00810411545523595,False,0.6305497307178181,-0.10256410256410418,0.37507453786523337,6.221228384019077,0.13995883563657657
1663072680,2022-09-13 12:38,2022,12,short,1677.0,1584.1614285714286,1723.4192857142857,1584.1614285714286,target,5.135991140642303,True,5.236578680629274,2,0.28044280442804187,0.08929889298893287,0.6302583025830253,0.3697416974169747,1.3499620029013528,0.00810411545523595,False,0.6305497307178181,-0.10256410256410418,0.37507453786523337,6.221228384019077,0.13550402388169866
1663073220,2022-09-13 12:47,2022,12,short,1630.0,1594.514285714286,1647.742857142857,1594.514285714286,target,1.7770376862401251,True,5.214976033786665,8,0.548469387755102,0.0,0.45153061224489804,0.548469387755102,0.08889125395569852,0.004822537983637767,True,7.536427779388278,0.0,0.5521472392638037,3.5171779141104245,0.5072463768115978
1663073280,2022-09-13 12:48,2022,12,short,1630.0,1597.9257142857145,1646.0371428571427,1597.9257142857145,target,1.5677475898334632,True,4.9498279471569155,7,0.548469387755102,0.0,0.45153061224489804,0.548469387755102,0.08889125395569852,0.004822537983637767,True,7.536427779388278,0.0,0.5521472392638037,3.5171779141104245,0.5611972207375782
1663073340,2022-09-13 12:49,2022,12,short,1630.0,1599.7664285714286,1645.1167857142857,1599.7664285714286,target,1.4548203330411897,True,4.991551463911822,6,0.548469387755102,0.0,0.45153061224489804,0.548469387755102,0.08889125395569852,0.004822537983637767,True,7.536427779388278,0.0,0.5521472392638037,3.5171779141104245,0.5953646608547742
1663073400,2022-09-13 12:50,2022,12,short,1630.0,1600.332142857143,1644.8339285714285,1600.332142857143,target,1.4201139351445995,True,4.512105205903332,5,0.548469387755102,0.0,0.45153061224489804,0.548469387755102,0.08889125395569852,0.004822537983637767,True,7.536427779388278,0.0,0.5521472392638037,3.5171779141104245,0.6067172264355398
1702260780,2023-12-11 02:13,2023,2,long,2177.38,2246.11,2083.578928571428,2364.982142857144,timeout,2.756545940534037,True,6.757509057117642,0,0.11120783460283128,0.8887921653971688,0.0,1.0,5.477523449491763,0.021558296542696816,True,0.3022989143861713,-0.1878404320789272,0.7242649422700668,3.6805702266026077,0.168121747010199
1702260840,2023-12-11 02:14,2023,2,long,2203.35,2246.82,2109.2975,2391.4549999999995,timeout,1.572904894819264,True,5.645389220531176,0,0.6984200743494418,0.2713754646840113,0.030204460966547,0.969795539033453,1.5182362252692927,0.019911084793279066,True,3.8528365819115438,0.010438650237139727,0.0226927179068237,2.458529058025283,0.005316179793200619
1704283860,2024-01-03 12:11,2024,12,long,2167.01,2209.39,1829.5264285714286,2841.9771428571435,timeout,1.5556900983382471,True,7.56829875944966,1,0.023083173289998545,0.942273600236373,0.03464322647362854,0.9653567735263715,11.353492501976755,0.14208424510529313,False,0.7067207623406284,0.31241203317012756,12.63676678926263,3.9339919981910554,0.8114172753382703
1704283920,2024-01-03 12:12,2024,12,long,2167.01,2209.39,1800.9439285714286,2899.1421428571434,timeout,1.5556900983382471,True,7.226615178460566,0,0.023083173289998545,0.942273600236373,0.03464322647362854,0.9653567735263715,11.353492501976755,0.14208424510529313,False,0.7067207623406284,0.31241203317012756,12.63676678926263,3.9339919981910554,0.7480616789513994
1704283980,2024-01-03 12:13,2024,12,long,2163.71,2209.4,1758.359642857143,2974.410714285714,timeout,1.7116508219678264,True,7.335363320613783,0,0.035555398630040855,0.9552291504837235,0.009215450886235698,0.9552291504837235,6.781610344406952,0.14960093388338067,True,0.29402248452159,0.0,0.0,4.092507775995867,0.0
1704284040,2024-01-03 12:14,2024,12,long,2181.22,2213.09,2040.8667857142857,2461.926428571428,timeout,1.0611089206957736,True,6.537929498627397,1,0.15449438202252538,0.5955056179775066,0.24999999999996805,0.5955056179775066,1.9561164973840692,0.003270585857472228,True,3.040508878842399,0.0,0.37639486159120045,3.256892931478733,0.05849527594919669
1704284100,2024-01-03 12:15,2024,12,long,2181.22,2213.09,2049.8625,2443.934999999999,timeout,1.0611089206957736,True,6.585467175448288,0,0.15449438202252538,0.5955056179775066,0.24999999999996805,0.5955056179775066,1.9561164973840692,0.003270585857472228,True,3.040508878842399,0.0,0.37639486159120045,3.256892931478733,0.06250118950192875
1704284160,2024-01-03 12:16,2024,12,long,2198.86,2213.08,2045.6385714285716,2505.302857142857,timeout,0.24669874389455443,True,5.830003554619063,0,0.6039027730229573,0.28106812735363573,0.11502909962340707,0.8849709003765929,5.761053945232167,0.013442183883184881,True,0.07556348385470556,-0.04002073801879652,0.9586785879955944,2.4285311479584917,0.13757866766118085
1704284220,2024-01-03 12:17,2024,12,long,2193.2,2214.67,2050.987142857143,2477.625714285713,timeout,0.5789348896589575,True,5.513562154518559,3,0.3474816072439165,0.5251839275608345,0.12733446519524894,0.8726655348047511,0.46312196642059145,0.008113767230849589,True,1.0717225053947281,0.0638336677001683,0.21065110341053672,2.6928688674083716,0.03248651417894641
1704284280,2024-01-03 12:18,2024,12,long,2193.2,2214.67,2051.3964285714287,2476.807142857142,timeout,0.5789348896589575,True,5.531309216562201,2,0.3474816072439165,0.5251839275608345,0.12733446519524894,0.8726655348047511,0.46312196642059145,0.008113767230849589,True,1.0717225053947281,0.0638336677001683,0.21065110341053672,2.6928688674083716,0.032580279561767345
1704284340,2024-01-03 12:19,2024,12,long,2193.2,2214.67,2050.01,2479.579999999999,timeout,0.5789348896589575,True,6.227139212281051,1,0.3474816072439165,0.5251839275608345,0.12733446519524894,0.8726655348047511,0.46312196642059145,0.008113767230849589,True,1.0717225053947281,0.0638336677001683,0.21065110341053672,2.6928688674083716,0.03226482296249671
1704284400,2024-01-03 12:20,2024,12,long,2193.2,2214.67,2050.258571428572,2479.0828571428556,timeout,0.5789348896589575,True,5.9539889796531105,0,0.3474816072439165,0.5251839275608345,0.12733446519524894,0.8726655348047511,0.46312196642059145,0.008113767230849589,True,1.0717225053947281,0.0638336677001683,0.21065110341053672,2.6928688674083716,0.03232093065091535
1704284460,2024-01-03 12:21,2024,12,long,2198.78,2216.98,2064.5014285714287,2467.337142857143,timeout,0.4277317421479101,True,5.714714521558284,0,0.39847473784558596,0.2783603431839854,0.32316491897042865,0.6768350810295714,0.4925829722111796,0.004786282669002882,True,0.6037495484118842,0.12643374962478035,0.4638936137312633,2.432257888465422,0.07596148731315695
1704284520,2024-01-03 12:22,2024,12,long,2204.25,2216.86,2078.9135714285717,2454.9228571428566,timeout,0.17207667006919034,True,5.426220223793498,0,0.6212471131639953,0.360277136258654,0.01847575057735071,0.9815242494226493,0.2949773631567469,0.001968181818181785,True,0.4533663344215497,-0.004536690484287583,0.7108993988885142,2.1780651015084596,0.12502350815804406
1704284700,2024-01-03 12:25,2024,12,long,2197.73,2219.79,2112.928214285714,2367.3335714285718,timeout,0.6037629736136807,True,5.228117258464078,8,0.2751773049645485,0.3531914893617057,0.3716312056737458,0.6283687943262543,0.138918473652745,0.006441679953583314,True,1.460358137366678,0.14787985785333047,0.21658711488673396,2.481196507305274,0.05613089347006923
1704284760,2024-01-03 12:26,2024,12,long,2197.73,2219.79,2141.130357142857,2310.929285714286,timeout,0.6037629736136807,True,4.560477591278771,7,0.2751773049645485,0.3531914893617057,0.3716312056737458,0.6283687943262543,0.138918473652745,0.006441679953583314,True,1.460358137366678,0.14787985785333047,0.21658711488673396,2.481196507305274,0.08409947059232194
1704284820,2024-01-03 12:27,2024,12,long,2197.73,2219.79,2169.6860714285713,2253.8178571428575,timeout,0.6037629736136807,True,5.218463401972665,6,0.2751773049645485,0.3531914893617057,0.3716312056737458,0.6283687943262543,0.138918473652745,0.006441679953583314,True,1.460358137366678,0.14787985785333047,0.21658711488673396,2.481196507305274,0.1697337085949407
1704284880,2024-01-03 12:28,2024,12,long,2197.73,2219.79,2170.3139285714287,2252.5621428571426,timeout,0.6037629736136807,True,4.676847205398864,5,0.2751773049645485,0.3531914893617057,0.3716312056737458,0.6283687943262543,0.138918473652745,0.006441679953583314,True,1.460358137366678,0.14787985785333047,0.21658711488673396,2.481196507305274,0.17362079072494865
1704284940,2024-01-03 12:29,2024,12,long,2197.73,2252.0178571428573,2170.5860714285714,2252.0178571428573,target,2.0701786453685083,True,4.4305030588785375,4,0.2751773049645485,0.3531914893617057,0.3716312056737458,0.6283687943262543,0.138918473652745,0.006441679953583314,True,1.460358137366678,0.14787985785333047,0.21658711488673396,2.481196507305274,0.17536149888820926
1704285000,2024-01-03 12:30,2024,12,long,2197.73,2246.877142857143,2173.1564285714285,2246.877142857143,target,1.836268461418968,True,4.578341422862274,3,0.2751773049645485,0.3531914893617057,0.3716312056737458,0.6283687943262543,0.138918473652745,0.006441679953583314,True,1.460358137366678,0.14787985785333047,0.21658711488673396,2.481196507305274,0.19370403743860345
1704285060,2024-01-03 12:31,2024,12,long,2197.73,2246.4550000000004,2173.3675,2246.4550000000004,target,1.8170603304318713,True,4.401699008043358,2,0.2751773049645485,0.3531914893617057,0.3716312056737458,0.6283687943262543,0.138918473652745,0.006441679953583314,True,1.460358137366678,0.14787985785333047,0.21658711488673396,2.481196507305274,0.19538224730631842
1722820260,2024-08-05 01:11,2024,1,short,2360.15,2331.38,2476.7714285714283,2126.9071428571438,timeout,0.8189903184119645,True,5.074069597217192,10,0.17778734395179105,0.41196728368489693,0.410245372363312,0.589754627636688,2.4245572344382627,0.009900061795478284,False,0.43788694437590125,0.08346927102090121,1.106285617439575,8.58970828125331,0.2238868132541208
1722820320,2024-08-05 01:12,2024,1,short,2360.15,2331.38,2481.205,2118.0400000000004,timeout,0.8189903184119645,True,15.823422963292375,9,0.17778734395179105,0.41196728368489693,0.410245372363312,0.589754627636688,2.4245572344382627,0.009900061795478284,False,0.43788694437590125,0.08346927102090121,1.106285617439575,8.58970828125331,0.215687084383133
1722820380,2024-08-05 01:13,2024,1,short,2360.15,2331.38,2489.0328571428568,2102.3842857142868,timeout,0.8189903184119645,True,15.373310728561254,8,0.17778734395179105,0.41196728368489693,0.410245372363312,0.589754627636688,2.4245572344382627,0.009900061795478284,False,0.43788694437590125,0.08346927102090121,1.106285617439575,8.58970828125331,0.20258706688244207
1722821040,2024-08-05 01:24,2024,1,long,2295.21,2321.06,2139.895,2605.84,timeout,0.7262585994309848,True,11.856796629243702,1,0.09048646853727074,0.8102274613979772,0.09928607006475205,0.8102274613979772,2.428484865820084,0.026811668395350815,True,0.3212810831648605,0.16861202242931542,6.003372240448584,3.966957271883626,0.8871647941280618
1738547760,2025-02-03 01:56,2025,1,short,2508.11,2265.2342857142853,2629.5478571428575,2265.2342857142853,target,9.283614924613147,True,4.4876984126984185,2,0.23927550047664334,0.0,0.7607244995233566,0.23927550047664334,3.2417135582103738,0.016796967258723747,False,0.3994081759144705,-0.12678869746543378,4.977851848603128,15.157628652650804,1.0280978513407768
1738547820,2025-02-03 01:57,2025,1,short,2508.11,2259.077857142857,2632.626071428572,2259.077857142857,target,9.529075792415137,True,4.058627730692854,1,0.23927550047664334,0.0,0.7607244995233566,0.23927550047664334,3.2417135582103738,0.016796967258723747,False,0.3994081759144705,-0.12678869746543378,4.977851848603128,15.157628652650804,1.002681811011198
1738547880,2025-02-03 01:58,2025,1,short,2508.11,2255.7607142857137,2634.2846428571434,2255.7607142857137,target,9.661332466051586,True,4.270546347648234,0,0.23927550047664334,0.0,0.7607244995233566,0.23927550047664334,3.2417135582103738,0.016796967258723747,False,0.3994081759144705,-0.12678869746543378,4.977851848603128,15.157628652650804,0.9895015129256748
1738548000,2025-02-03 02:00,2025,2,short,2516.28,2295.848571428571,2626.4957142857147,2295.848571428571,target,8.360210651097216,True,6.012683003209893,3,0.5785884759631877,0.010228435049428159,0.4111830889873841,0.5888169110126159,1.4986807898391097,0.011736647712494117,False,1.335421466936191,-0.09021253596579004,4.637003831052181,15.433099655046343,1.0586512164456676
1738548180,2025-02-03 02:03,2025,2,short,2516.28,2307.934285714286,2620.4528571428573,2307.934285714286,target,7.879909798818659,True,4.581366143672413,0,0.5785884759631877,0.010228435049428159,0.4111830889873841,0.5888169110126159,1.4986807898391097,0.011736647712494117,False,1.335421466936191,-0.09021253596579004,4.637003831052181,15.433099655046343,1.1200614363489245
1738548840,2025-02-03 02:14,2025,2,long,2450.5,2580.84,2285.988214285714,2779.523571428572,timeout,4.918914507243426,True,11.173860720033646,0,0.4285402574732687,0.262928212960947,0.30853152956578433,0.6914684704342157,0.42241651194298374,0.01894733360619475,False,0.9870323303696835,0.3011630279534833,1.0818200367272075,7.445827382166906,0.16114346996415915
1738548900,2025-02-03 02:15,2025,2,long,2451.59,2584.12,2303.4271428571433,2747.915714285714,timeout,5.0058794496632695,True,10.81170555664695,0,0.24342105263158045,0.7561919504644039,0.00038699690401562117,0.7561919504644039,0.41420029757012145,0.010624781562878926,True,0.26891339445591683,-0.11217210055514991,1.1257999910262466,7.398055955522738,0.1862815049077298
1738548960,2025-02-03 02:16,2025,2,long,2454.07,2577.09,2295.6617857142855,2770.8864285714294,timeout,4.612896942629997,True,9.660925231271007,0,0.17386968085106222,0.8261303191489378,0.0,1.0,0.11090241568077847,0.012409292117541897,True,5.310792047368205,-0.0008149726780402274,0.12509830607929537,7.2895231187374385,0.019380308109924946
1738549020,2025-02-03 02:17,2025,2,long,2510.14,2573.02,2362.3050000000003,2805.809999999999,timeout,2.105039559546484,True,8.009117086067361,2,0.23040752351097157,0.3040752351097156,0.46551724137931283,0.5344827586206872,0.6466459953180399,0.012795366392709302,False,0.7585484402894785,-0.1577601249332721,2.3560438859983854,4.892954177854628,0.40004058578821006
1738549080,2025-02-03 02:18,2025,2,long,2510.14,2573.02,2365.4207142857144,2799.5785714285707,timeout,2.105039559546484,True,6.495601063790158,1,0.23040752351097157,0.3040752351097156,0.46551724137931283,0.5344827586206872,0.6466459953180399,0.012795366392709302,False,0.7585484402894785,-0.1577601249332721,2.3560438859983854,4.892954177854628,0.4086532054667409
1738549140,2025-02-03 02:19,2025,2,long,2510.14,2573.02,2365.6403571428573,2799.139285714285,timeout,2.105039559546484,True,6.444880099587786,0,0.23040752351097157,0.3040752351097156,0.46551724137931283,0.5344827586206872,0.6466459953180399,0.012795366392709302,False,0.7585484402894785,-0.1577601249332721,2.3560438859983854,4.892954177854628,0.40927436795444366
1738549200,2025-02-03 02:20,2025,2,long,2502.86,2578.69,2365.085,2778.4100000000003,timeout,2.6297339843219327,True,6.716212086200078,0,0.1201592471950668,0.5602605863192167,0.3195801664857165,0.5602605863192167,0.48617139843255963,0.011108073555307234,False,0.2733577679267957,0.20976003452050854,2.072029598139733,5.198053426879646,0.37641081473416865
1738549260,2025-02-03 02:21,2025,2,long,2491.73,2582.14,2380.0525000000002,2715.0849999999996,timeout,3.228402756317894,True,7.256371925874275,1,0.18228438228437704,0.432167832167835,0.38554778554778796,0.614452214452212,0.31633517601153566,0.008654253494986915,True,1.0929991256137868,0.0,1.634607280885169,5.667949577201383,0.3647108862573043
1738549320,2025-02-03 02:22,2025,2,long,2491.73,2582.14,2402.7657142857147,2669.6585714285707,timeout,3.228402756317894,True,6.816728434074674,0,0.18228438228437704,0.432167832167835,0.38554778554778796,0.614452214452212,0.31633517601153566,0.008654253494986915,True,1.0929991256137868,0.0,1.634607280885169,5.667949577201383,0.45782416700120665
1738549380,2025-02-03 02:23,2025,2,long,2518.95,2594.85,2443.3782142857144,2670.0935714285706,timeout,2.613160245340324,True,5.456060132009958,3,0.3472173608680495,0.4049702485124196,0.24781239061953095,0.4049702485124196,0.2904667430352399,0.011394363837950254,False,0.6058130612862948,0.0,2.697552551658422,4.526092220965094,0.8991450891063856
1738549440,2025-02-03 02:24,2025,2,long,2518.95,2594.85,2447.6135714285715,2661.6228571428564,timeout,2.613160245340324,True,5.313594456960042,2,0.3472173608680495,0.4049702485124196,0.24781239061953095,0.4049702485124196,0.2904667430352399,0.011394363837950254,False,0.6058130612862948,0.0,2.697552551658422,4.526092220965094,0.9525287621031138
